merged_player_name,merged_player_name_clean,matched_dom_name,similarity
Daryl Richardson,Daryl Richardson,Darryl Richardson,0.9696969696969697
Marquis Walker,Marquis Walker,Marquise Walker,0.9655172413793104
Jamaar Taylor,Jamaar Taylor,Jamar Taylor,0.96
Tre McBride,Tre McBride,Trey McBride,0.9565217391304348
Daryl Jones,Daryl Jones,Darryl Jones,0.9565217391304348
Andre' Davis,Andre' Davis,Andre Davis,0.9565217391304348
Kevin White,Kevin White,Kelvin White,0.9565217391304348
KeAndre Lambert-Smith,KeAndre Lambert-Smith,Keandre Lambert-Smith,0.9523809523809523
Andre King,Andre King,Andrew King,0.9523809523809523
John Brown,John Brown,Jon Brown,0.9473684210526315
LaBrandon Toefield,LaBrandon Toefield,Labrandon Toefield,0.9444444444444444
Terrance Williams,Terrance Williams,Terrence Williams,0.9411764705882353
DeAndre Washington,DeAndre Washington,Andre Washington,0.9411764705882353
ArDarius Stewart,ArDarius Stewart,Ardarius Stewart,0.9375
Javarris Williams,Javarris Williams,Jarris Williams,0.9375
DeAngelo Yancey,DeAngelo Yancey,Deangelo Yancey,0.9333333333333333
Jonathan Carter,Jonathan Carter,Jonathon Carter,0.9333333333333333
DeAndre Smelter,DeAndre Smelter,Deandre Smelter,0.9333333333333333
DeAndre Hopkins,DeAndre Hopkins,Deandre Hopkins,0.9333333333333333
Quinton Patton,Quinton Patton,Quinton Patten,0.9285714285714286
DeSean Jackson,DeSean Jackson,Desean Jackson,0.9285714285714286
Troy Williamson,Troy Williamson,Troy Williams,0.9285714285714286
Jaymar Johnson,Jaymar Johnson,Jamari Johnson,0.9285714285714286
MarShawn Lloyd,MarShawn Lloyd,Marshawn Lloyd,0.9285714285714286
Stevie Johnson,Stevie Johnson,Steven Johnson,0.9285714285714286
Jeremi Johnson,Jeremi Johnson,Jeremy Johnson,0.9285714285714286
Charles Scott,Charles Scott,Charlie Scott,0.9230769230769231
Michael Allan,Michael Allan,Michael Allen,0.9230769230769231
T.J. Williams,T.J. Williams,D.J. Williams,0.9230769230769231
LaVon Brazill,LaVon Brazill,Lavon Brazill,0.9230769230769231
DeeJay Dallas,DeeJay Dallas,Deejay Dallas,0.9230769230769231
LaMont Jordan,LaMont Jordan,Lamont Jordan,0.9230769230769231
Brice Butler,Brice Butler,Bryce Butler,0.9166666666666666
Dan LeFevour,Dan LeFevour,Dan Lefevour,0.9166666666666666
Tony Stewart,Tony Stewart,Troy Stewart,0.9166666666666666
DeVier Posey,DeVier Posey,Devier Posey,0.9166666666666666
A.J. Jenkins,A.J. Jenkins,E.J. Jenkins,0.9166666666666666
George Layne,George Layne,George Payne,0.9166666666666666
Geremy Davis,Geremy Davis,Jeremy Davis,0.9166666666666666
Javon Walker,Javon Walker,Jadon Walker,0.9166666666666666
Josh Jacobs,Josh Jacobs,Joshua Jacobs,0.9166666666666666
Ja'Lynn Polk,Ja'Lynn Polk,Ja'lynn Polk,0.9166666666666666
Justin Hunter,Justin Hunter,Justin Hunt,0.9166666666666666
Tremon Smith,Tremon Smith,Trelon Smith,0.9166666666666666
Johnny White,Johnny White,John White,0.9090909090909091
James Hardy,James Hardy,Jamel Hardy,0.9090909090909091
Sam LaPorta,Sam LaPorta,Sam Laporta,0.9090909090909091
Kolby Smith,Kolby Smith,Colby Smith,0.9090909090909091
Terry Jones,Terry Jones,Perry Jones,0.9090909090909091
Kevin Dorsey,Kevin Dorsey,Ken Dorsey,0.9090909090909091
Gardner Minshew II,Gardner Minshew II,Gardner Minshew,0.9090909090909091
Devin Smith,Devin Smith,Deion Smith,0.9090909090909091
Torrey Smith,Torrey Smith,Trey Smith,0.9090909090909091
Mark Wilson,Mark Wilson,Mack Wilson,0.9090909090909091
Mitchell Trubisky,Mitchell Trubisky,Mitch Trubisky,0.9032258064516129
Alizé Mack,Alizé Mack,Alize Mack,0.9
T.J. Jones,T.J. Jones,C.J. Jones,0.9
L.J. Smith,L.J. Smith,B.J. Smith,0.9
RJ Harvey,RJ Harvey,R.J. Harvey,0.9
EJ Manuel,EJ Manuel,E.J. Manuel,0.9
Ben Watson,Ben Watson,Ben Batson,0.9
Darius Jackson,Darius Jackson,Driphus Jackson,0.896551724137931
Dan Alexander,Dan Alexander,Daelen Alexander,0.896551724137931
Marquess Wilson,Marquess Wilson,Marquis Wilson,0.896551724137931
Michael Woods II,Michael Woods II,Michael Woods,0.896551724137931
La'Mical Perine,La'Mical Perine,Lamical Perine,0.896551724137931
Gary Jennings Jr,Gary Jennings Jr,Gary Jennings,0.896551724137931
Reggie Williams,Reggie Williams,Reggie Gilliam,0.896551724137931
Kevin Robinson,Kevin Robinson,Kaedin Robinson,0.896551724137931
Thomas Fidone,Thomas Fidone,Thomas Fidone II,0.896551724137931
Nate Burleson,Nate Burleson,Nate Burleson II,0.896551724137931
Deon Anderson,Deon Anderson,Desmond Anderson,0.896551724137931
Kerrith Whyte Jr,Kerrith Whyte Jr,Kerrith Whyte,0.896551724137931
Adrien Robinson,Adrien Robinson,Andre Robinson,0.896551724137931
Vance McDonald,Vance McDonald,Chance McDonald,0.896551724137931
Anthony McFarland Jr.,Anthony McFarland Jr.,Anthony McFarland,0.8947368421052632
Bryant Johnson,Bryant Johnson,Brian Johnson,0.8888888888888888
Brian Leonard,Brian Leonard,Dorian Leonard,0.8888888888888888
JJ Nelson,JJ Nelson,DJ Nelson,0.8888888888888888
Harry Williams,Harry Williams,Gary Williams,0.8888888888888888
Chad Williams,Chad Williams,Caden Williams,0.8888888888888888
Gartrell Johnson,Gartrell Johnson,Gartrell Johnson III,0.8888888888888888
Brandon Jackson,Brandon Jackson,Brad Jackson,0.8888888888888888
Braden Wilson,Braden Wilson,Brandon Wilson,0.8888888888888888
Mike Hass,Mike Hass,Mike Bass,0.8888888888888888
Garrett Mills,Garrett Mills,Garrett Miller,0.8888888888888888
Ronald Jones II,Ronald Jones II,Ronald Jones,0.8888888888888888
DJ Chark,DJ Chark,D.J. Chark,0.8888888888888888
Ray Davis,Ray Davis,Jay Davis,0.8888888888888888
Malcolm Johnson,Malcolm Johnson,Malcolm Johnson Jr.,0.8823529411764706
James Jackson,James Jackson,Jake Jackson,0.88
Kevin Norwood,Kevin Norwood,Levi Norwood,0.88
De'Von Achane,De'Von Achane,Devon Achane,0.88
Cedric Cobbs,Cedric Cobbs,Kaedric Cobbs,0.88
Chad Jackson,Chad Jackson,Chase Jackson,0.88
Charles Davis,Charles Davis,Carlos Davis,0.88
Brandon Drumm,Brandon Drumm,Brandon Crum,0.88
Kyle Johnson,Kyle Johnson,Kaleb Johnson,0.88
Chris Herndon,Chris Herndon,Chris Herron,0.88
Freddie Brown,Freddie Brown,Leddie Brown,0.88
Corey Coleman,Corey Coleman,Trey Coleman,0.88
Dwayne Wright,Dwayne Wright,Dante Wright,0.88
Calvin Johnson HOF,Calvin Johnson HOF,Calvin Johnson,0.875
Leon Washington,Leon Washington,Benton Washington,0.875
Larry Rountree,Larry Rountree,Larry Rountree III,0.875
Chandler Williams,Chandler Williams,Chance Williams,0.875
Matthew Dayes,Matthew Dayes,Matt Dayes,0.8695652173913043
Aaron Brown,Aaron Brown,Barion Brown,0.8695652173913043
David Wilson,David Wilson,David Olson,0.8695652173913043
Bryce Brown,Bryce Brown,Brayle Brown,0.8695652173913043
Carson Wentz,Carson Wentz,Carson Kent,0.8695652173913043
David Clowney,David Clowney,David Cone,0.8695652173913043
Stevan Ridley,Stevan Ridley,Sean Riley,0.8695652173913043
Rudi Johnson,Rudi Johnson,Rio Johnson,0.8695652173913043
Chad Johnson,Chad Johnson,Cam Johnson,0.8695652173913043
Chris Cole,Chris Cole,Chris Coleman,0.8695652173913043
Da'Ron Brown,Da'Ron Brown,Davon Brown,0.8695652173913043
Deon Butler,Deon Butler,Devin Butler,0.8695652173913043
Chris Baker,Chris Baker,Chris Booker,0.8695652173913043
Corey Fuller,Corey Fuller,Cole Fuller,0.8695652173913043
Mike Green,Mike Green,Mike Green II,0.8695652173913043
Daniel Hardy,Daniel Hardy,Daniel Hurd,0.8695652173913043
Chris Brown,Chris Brown,Curtis Brown,0.8695652173913043
Shawn Nelson,Shawn Nelson,Sean Nelson,0.8695652173913043
David Thomas,David Thomas,Dave Thomas,0.8695652173913043
Trey Millard,Trey Millard,Trey Miller,0.8695652173913043
Marvin Jones,Marvin Jones,Malin Jones,0.8695652173913043
Trent Smith,Trent Smith,Trelon Smith,0.8695652173913043
Mark Jones,Mark Jones,Markell Jones,0.8695652173913043
Javin Hunter,Javin Hunter,Javion Hunt,0.8695652173913043
Jason Witten,Jason Witten,Jason White,0.8695652173913043
Karlos Williams,Karlos Williams,Marlon Williams,0.8666666666666667
Harold Fannin,Harold Fannin,Harold Fannin Jr.,0.8666666666666667
Darrell Jackson,Darrell Jackson,Terrell Jackson,0.8666666666666667
Anthony Thomas,Anthony Thomas,Anthony Thompson,0.8666666666666667
Kenneth Gainwell,Kenneth Gainwell,Kenny Gainwell,0.8666666666666667
Michael Penix,Michael Penix,Michael Penix Jr.,0.8666666666666667
B.J. Cunningham,B.J. Cunningham,T.W. Cunningham,0.8666666666666667
Andre Johnson HOF,Andre Johnson HOF,Andre Johnson,0.8666666666666667
Dwayne Washington,Dwayne Washington,Darnell Washington,0.8571428571428571
Ty Montgomery,Ty Montgomery,Ryan Montgomery,0.8571428571428571
Chris Henry,Chris Henry,Chas Henry,0.8571428571428571
Mike Davis,Mike Davis,Malik Davis,0.8571428571428571
Mike Banks,Mike Banks,Miles Banks,0.8571428571428571
Charles Johnson,Charles Johnson,Charles Jones,0.8571428571428571
Dexter Jackson,Dexter Jackson,Deonte Jackson,0.8571428571428571
Jason Hill,Jason Hill,Dawson Hill,0.8571428571428571
Knile Davis,Knile Davis,Kyle Davis,0.8571428571428571
Mike Anderson,Mike Anderson,Mikey Henderson,0.8571428571428571
Michael Turner,Michael Turner,Michael Garner,0.8571428571428571
Evan Rodriguez,Evan Rodriguez,Juan Rodriguez,0.8571428571428571
Chauncey Washington,Chauncey Washington,Casey Washington,0.8571428571428571
Braylon Edwards,Braylon Edwards,Bryan Edwards,0.8571428571428571
Marko Mitchell,Marko Mitchell,Myron Mitchell,0.8571428571428571
Koren Robinson,Koren Robinson,Corey Robinson,0.8571428571428571
Rory Anderson,Rory Anderson,Rodney Anderson,0.8571428571428571
Roddy White,Roddy White,Cody White,0.8571428571428571
Michael Gaines,Michael Gaines,Michael Garner,0.8571428571428571
Cameron Morrah,Cameron Morrah,Cameron Morgan,0.8571428571428571
Jameel Cook,Jameel Cook,James Cook,0.8571428571428571
Cam Skattebo,Cam Skattebo,Cameron Skattebo,0.8571428571428571
Tee Martin,Tee Martin,Reed Martin,0.8571428571428571
Brian Thomas,Brian Thomas,Brian Thomas Jr.,0.8571428571428571
Jalen Saunders,Jalen Saunders,Kaden Saunders,0.8571428571428571
Ladarius Green,Ladarius Green,Javarius Green,0.8571428571428571
Zac Brooks,Zac Brooks,Jack Brooks,0.8571428571428571
Matt Sherry,Matt Sherry,Matt Berry,0.8571428571428571
Ryan Fitzpatrick,Ryan Fitzpatrick,Jalen Fitzpatrick,0.8484848484848485
Benny Snell Jr.,Benny Snell Jr.,Benjamin Snell Jr.,0.8484848484848485
Jermaine Gresham,Jermaine Gresham,Jermaine Crenshaw,0.8484848484848485
John Phillips,John Phillips,Jojo Phillips,0.8461538461538461
David Kirtman,David Kirtman,David Pittman,0.8461538461538461
Steven Jackson,Steven Jackson,Sean Jackson,0.8461538461538461
Marcus Smith,Marcus Smith,Damarcus Smith,0.8461538461538461
Justin Watson,Justin Watson,Justin Lamson,0.8461538461538461
Travis Taylor,Travis Taylor,Tyrain Taylor,0.8461538461538461
Justin Peelle,Justin Peelle,Justin Weller,0.8461538461538461
Dustin Keller,Dustin Keller,Justin Weller,0.8461538461538461
Anthony Hill,Anthony Hill,Anthony Miller,0.8461538461538461
Anthony McCoy,Anthony McCoy,Antonio McCoy,0.8461538461538461
Delanie Walker,Delanie Walker,Kelan Walker,0.8461538461538461
Jonathan Orr,Jonathan Orr,Jonathan Perry,0.8461538461538461
Austin Hooper,Austin Hooper,Justin Cooper,0.8461538461538461
Nate Stanley,Nate Stanley,Carter Stanley,0.8461538461538461
Chase Edmonds,Chase Edmonds,Chris Edmonds,0.8461538461538461
Taco Wallace,Taco Wallace,Tracin Wallace,0.8461538461538461
JaJuan Dawson,JaJuan Dawson,Jajuan Lawson,0.8461538461538461
Aaron Walker,Aaron Walker,Amorion Walker,0.8461538461538461
Maxx Williams,Maxx Williams,Mark Williams,0.8461538461538461
Aaron Lockett,Aaron Lockett,Aaron Hackett,0.8461538461538461
Thomas Duarte,Thomas Duarte,Thomas Stuart,0.8461538461538461
Garrett Graham,Garrett Graham,Garrett Gray,0.8461538461538461
Brandon Myers,Brandon Myers,Brandon Hayes,0.8461538461538461
Joe Hamilton,Joe Hamilton,James Hamilton,0.8461538461538461
Brandon Miree,Brandon Miree,Brandon Green,0.8461538461538461
Tre Mason,Tre Mason,Tre Watson,0.8421052631578947
Roy Hall,Roy Hall,Rodney Hall,0.8421052631578947
Jeff King,Jeff King,Jeff Klein,0.8421052631578947
Josh Boyce,Josh Boyce,Josh Bock,0.8421052631578947
Jay Finley,Jay Finley,TJ Finley,0.8421052631578947
Dez Bryant,Dez Bryant,D. Bryant,0.8421052631578947
Matt Hazel,Matt Hazel,Matt Hale,0.8421052631578947
Chris Chambers,Chris Chambers,Chris Chamberlain,0.8387096774193549
Zander Horvath,Zander Horvath,Alexander Horvath,0.8387096774193549
Jonathan Wells,Jonathan Wells,Jonathan Williams,0.8387096774193549
Martellus Bennett,Martellus Bennett,Marcus Bennett,0.8387096774193549
Adrian Peterson,Adrian Peterson,Adrian McPherson,0.8387096774193549
Aaron Hernandez,Aaron Hernandez,Carlos Hernandez,0.8387096774193549
Aldrick Robinson,Aldrick Robinson,Gerick Robinson,0.8387096774193549
Maurice Jones-Drew,Maurice Jones-Drew,Maurice Jones,0.8387096774193549
Carlton Mitchell,Carlton Mitchell,Keaton Mitchell,0.8387096774193549
Tony Jackson,Tony Jackson,Cody Jackson,0.8333333333333334
Justin Green,Justin Green,Justin Brent,0.8333333333333334
Brian Allen,Brian Allen,Braelon Allen,0.8333333333333334
Mike Merritt,Mike Merritt,Kirk Merritt,0.8333333333333334
DeVante Parker,DeVante Parker,Dan Parker,0.8333333333333334
Kelvin Taylor,Kelvin Taylor,Kent Taylor,0.8333333333333334
Ryan Taylor,Ryan Taylor,Taywan Taylor,0.8333333333333334
Travis Minor,Travis Minor,Travis Moore,0.8333333333333334
Darius Watts,Darius Watts,Marcus Watts,0.8333333333333334
Kris Wilson,Kris Wilson,Travis Wilson,0.8333333333333334
Lamar Gordon,Lamar Gordon,Lamar Jordan,0.8333333333333334
Sam Simmons,Sam Simmons,Naiem Simmons,0.8333333333333334
Dezmin Lewis,Dezmin Lewis,Damien Lewis,0.8333333333333334
Chris Massey,Chris Massey,Chris Masson,0.8333333333333334
Frank Gore,Frank Gore,Frank Gore Jr.,0.8333333333333334
Alfred Morris,Alfred Morris,Alec Morris,0.8333333333333334
Jaelen Strong,Jaelen Strong,Jake Strong,0.8333333333333334
Sloan Thomas,Sloan Thomas,Dylan Thomas,0.8333333333333334
Javon Ringer,Javon Ringer,Javon Rogers,0.8333333333333334
Jacob Hester,Jacob Hester,Jack Hestera,0.8333333333333334
David Paulson,David Paulson,David Olson,0.8333333333333334
Christian Watson,Christian Watson,Christian Washington,0.8333333333333334
Maurice Mann,Maurice Mann,Maurice Mayo,0.8333333333333334
Travis Henry,Travis Henry,Travis Homer,0.8333333333333334
Sean Brewer,Sean Brewer,Keegan Brewer,0.8333333333333334
Dallas Clark,Dallas Clark,Daryll Clark,0.8333333333333334
Kenny Hilliard,Kenny Hilliard,Kenny Hill,0.8333333333333334
Andy Stokes,Andy Stokes,Andrew Stokes,0.8333333333333334
Jimmy Horn,Jimmy Horn,Jimmy Horn Jr.,0.8333333333333334
Allen Bradford,Allen Bradford,Allan Bridgford,0.8275862068965517
DeVeren Johnson,DeVeren Johnson,Keenen Johnson,0.8275862068965517
Brandon LaFell,Brandon LaFell,Brandon Hassell,0.8275862068965517
Jarrett Ferguson,Jarrett Ferguson,Jake Ferguson,0.8275862068965517
Domanick Williams,Domanick Williams,Dom Williams,0.8275862068965517
Colton Dowell,Colton Dowell,Clifton McDowell,0.8275862068965517
Justin McCareins,Justin McCareins,Justin Martin,0.8275862068965517
Dominique Byrd,Dominique Byrd,Dominique Brown,0.8275862068965517
Paul Williams,Paul Williams,Takulve Williams,0.8275862068965517
Shaun McDonald,Shaun McDonald,Chance McDonald,0.8275862068965517
Jordan Matthews,Jordan Matthews,Nolan Matthews,0.8275862068965517
Shaun Alexander,Shaun Alexander,Chad Alexander,0.8275862068965517
Justin Griffith,Justin Griffith,Justin McGriff,0.8275862068965517
Jarious Jackson,Jarious Jackson,Jarrod Jackson,0.8275862068965517
Allen Robinson,Allen Robinson,Willie Robinson,0.8275862068965517
Quinn Johnson,Quinn Johnson,Quentin Johnston,0.8275862068965517
Justin Blackmon,Justin Blackmon,Justin Jackson,0.8275862068965517
Cedric Peerman,Cedric Peerman,Cedric Peterson,0.8275862068965517
Josh Reed,Josh Reed,Joe Reed,0.8235294117647058
Dominique Edison,Dominique Edison,Dominique Robinson,0.8235294117647058
Emmanuel Sanders,Emmanuel Sanders,Emmanuel Henderson,0.8235294117647058
Jeff Webb,Jeff Webb,Joe Webb,0.8235294117647058
Ben Tate,Ben Tate,Dean Tate,0.8235294117647058
Cam Ward,Cam Ward,Chaz Ward,0.8235294117647058
Brian Quick,Brian Quick,Brian Hicks,0.8181818181818182
Derek Watt,Derek Watt,Derek Watson,0.8181818181818182
Kenny Moore,Kenny Moore,Kevin Moore,0.8181818181818182
Bobby Wade,Bobby Wade,Bobby Walker,0.8181818181818182
Cody Latimer,Cody Latimer,Cody Kater,0.8181818181818182
Ryan Torain,Ryan Torain,Ryan Morgan,0.8181818181818182
Derek Fine,Derek Fine,Derek Devine,0.8181818181818182
Nick Toon,Nick Toon,Nick Thompson,0.8181818181818182
Jordan Kent,Jordan Kent,Jordan King,0.8181818181818182
J.R. Redmond,J.R. Redmond,J.R. Lemon,0.8181818181818182
Doug Chapman,Doug Chapman,Doug Coman,0.8181818181818182
Kahlil Hill,Kahlil Hill,Kahlil Bell,0.8181818181818182
Jon Olinger,Jon Olinger,Ben Olinger,0.8181818181818182
Kellen Davis,Kellen Davis,Kyle Davis,0.8181818181818182
Will Fuller,Will Fuller,Will Fidler,0.8181818181818182
Craig Davis,Craig Davis,Chris Davis,0.8181818181818182
Gari Scott,Gari Scott,Gerrin Scott,0.8181818181818182
Dion Lewis,Dion Lewis,Damien Lewis,0.8181818181818182
James Hanna,James Hanna,James Homan,0.8181818181818182
Jamar Martin,Jamar Martin,Kam Martin,0.8181818181818182
Todd Watkins,Todd Watkins,Ty Watkins,0.8181818181818182
Jamal Lewis,Jamal Lewis,Jamal Lyles,0.8181818181818182
Taiwan Jones,Taiwan Jones,Trai Jones,0.8181818181818182
Josh Morgan,Josh Morgan,Josh Jordan,0.8181818181818182
Giles Cole,Giles Cole,Giles Pooler,0.8181818181818182
Ethan Howell,Ethan Howell,Ethan Hall,0.8181818181818182
Ryan Hannam,Ryan Hannam,Ryan Hanson,0.8181818181818182
Lamar Miller,Lamar Miller,Cam Miller,0.8181818181818182
Mike Karney,Mike Karney,Mike Harley,0.8181818181818182
Julio Jones,Julio Jones,Jalon Jones,0.8181818181818182
Chris Perry,Chris Perry,Chris Curry,0.8181818181818182
Ryan Moats,Ryan Moats,Ryan Mathews,0.8181818181818182
Mike Hart,Mike Hart,Mike Hartline,0.8181818181818182
Kenny Stills,Kenny Stills,Kenny Hill,0.8181818181818182
Matthew Slater,Matthew Slater,Matthew Sluka,0.8148148148148148
Tucker Kraft,Tucker Kraft,Tucker Ashcraft,0.8148148148148148
Jamaal Charles,Jamaal Charles,James Charles,0.8148148148148148
Vick Ballard,Vick Ballard,Patrick Ballard,0.8148148148148148
Craig Stevens,Craig Stevens,Cedric Stevens,0.8148148148148148
Eddie Williams,Eddie Williams,Eric Williams,0.8148148148148148
Larry Johnson,Larry Johnson,Karter Johnson,0.8148148148148148
John Carlson,John Carlson,Jonathan Carson,0.8148148148148148
Terrance West,Terrance West,Terrance Owens,0.8148148148148148
Andre Roberts,Andre Roberts,D'Andre Rogers,0.8148148148148148
Mike Wallace,Mike Wallace,Michael Wallace,0.8148148148148148
Taylor Jacobs,Taylor Jacobs,Taylor Jackson,0.8148148148148148
Stephen Burton,Stephen Burton,Stephon Brown,0.8148148148148148
Cedric James,Cedric James,Cedric Chambers,0.8148148148148148
Michael Egnew,Michael Egnew,Michael Wagner,0.8148148148148148
Vincent Brown,Vincent Brown,Vince Brown II,0.8148148148148148
David Terrell,David Terrell,Xavier Terrell,0.8148148148148148
Anthony Dixon,Anthony Dixon,Anthony DiNota,0.8148148148148148
Brandon Jacobs,Brandon Jacobs,Brandon Jones,0.8148148148148148
Antonio Bryant,Antonio Bryant,Antonio Brown,0.8148148148148148
Delone Carter,Delone Carter,DeWayne Carter,0.8148148148148148
Quentin Griffin,Quentin Griffin,Quon Griffin,0.8148148148148148
Quentin McCord,Quentin McCord,Quentin Moore,0.8148148148148148
Bethel Johnson,Bethel Johnson,Brett Johnson,0.8148148148148148
James Wright,James Wright,James Conwright,0.8148148148148148
Anthony Allen,Anthony Allen,Anthony Miller,0.8148148148148148
Andy Janovich,Andy Janovich,Andy Vujnovich,0.8148148148148148
DeMarco Murray,DeMarco Murray,Marcel Murray,0.8148148148148148
Derrick Ward,Derrick Ward,Derrick Edwards,0.8148148148148148
Jordan Cameron,Jordan Cameron,Jordan Palmer,0.8148148148148148
Demetrius Williams,Demetrius Williams,Aeris Williams,0.8125
Laurent Robinson,Laurent Robinson,Lavonte Robinson,0.8125
Chris Thompson,Chris Thompson,Cadarrius Thompson,0.8125
Michael Thomas,Michael Thomas,JaMichael Thompson,0.8125
Sylvester Morris,Sylvester Morris,Sylvester Mayers,0.8125
Trent Richardson,Trent Richardson,Jaden Richardson,0.8125
Courtney Anderson,Courtney Anderson,Courtney Denson,0.8125
Montrell Washington,Montrell Washington,Darnell Washington,0.8108108108108109
Trevor Davis,Trevor Davis,Trenard Davis,0.8
Kevin Boss,Kevin Boss,Devin Ross,0.8
Travis Stephens,Travis Stephens,Trevor Stephens,0.8
Jeff Janis,Jeff Janis,Jeff Banks,0.8
Chad Owens,Chad Owens,Chad Olsen,0.8
Chad Pennington,Chad Pennington,Cole Pennington,0.8
Javorius Allen,Javorius Allen,Davis Allen,0.8
Bernard Pierce,Bernard Pierce,Beau Pierce,0.8
Chris Conley,Chris Conley,Chris Coleman,0.8
Marquise Goodwin,Marquise Goodwin,Marquise Brown,0.8
Aaron Shea,Aaron Shea,Aaron Leak,0.8
Alex Collins,Alex Collins,Beaux Collins,0.8
Charles Lee,Charles Lee,Charles Lovett,0.8
Lex Hilliard,Lex Hilliard,Jeff Hilliard,0.8
Lorenzo Booker,Lorenzo Booker,Lorenzo Joe,0.8
Markus Wheaton,Markus Wheaton,Mark Walton,0.8
Kelley Washington,Kelley Washington,Darnell Washington,0.8
Keenan Burton,Keenan Burton,Keenen Brown,0.8
Michael Floyd,Michael Floyd,Michael Foor,0.8
Tevin Coleman,Tevin Coleman,Keon Coleman,0.8
James O'Shaughnessy,James O'Shaughnessy,Michael O'Shaughnessy,0.8
James Whalen,James Whalen,James Charles,0.8
Troy Walters,Troy Walters,Tywun Walters,0.8
Marcus Easley,Marcus Easley,Marcus Riley,0.8
Thomas Hamner,Thomas Hamner,Thomas Tyner,0.8
Casey Cramer,Casey Cramer,Casey Bramlet,0.8
Jared Cook,Jared Cook,James Cook,0.8
Michael Bennett,Michael Bennett,Michael Barrett,0.8
Kenny Bell,Kenny Bell,Kenny Hill,0.8
Isaiah Pead,Isaiah Pead,Isaiah Bernard,0.8
Jarrod Baxter,Jarrod Baxter,Jarrad Baker,0.8
Hunter Henry,Hunter Henry,Hunter Hebert,0.8
Jarvis Landry,Jarvis Landry,Marvin Landy,0.8
Michael Coleman,Michael Coleman,Michael Collins,0.8
Michael Crabtree,Michael Crabtree,Michael Carter,0.8
Tavon Austin,Tavon Austin,Tarean Austin,0.8
Tom Brady,Tom Brady,Tommy Grady,0.8
James Davis,James Davis,Cam Davis,0.8
Chris Cooley,Chris Cooley,Chris Coleman,0.8
Chris Redman,Chris Redman,Chris Beckman,0.8
Vernon Davis,Vernon Davis,Cameron Davis,0.8
Noah Herron,Noah Herron,Noah Henderson,0.8
Omar Easy,Omar Easy,Omari Evans,0.8
Shyrone Stith,Shyrone Stith,Tyrone Smith,0.8
Jonathan Baldwin,Jonathan Baldwin,Jonathan Banks,0.8
Donald Lee,Donald Lee,Dymond Lee,0.8
Donald Brown,Donald Brown,Donovan Brown,0.8
Chris Rainey,Chris Rainey,Chris Kearney,0.8
Dion Sims,Dion Sims,Damian Sims,0.8
Dan Curley,Dan Curley,Dan Lumley,0.8
Pierre Garcon,Pierre Garcon,Pierre Brown,0.8
Dan Gronkowski,Dan Gronkowski,Glenn Gronkowski,0.8
Samie Parker,Samie Parker,Daniel Parker,0.8
Pierre Strong,Pierre Strong,Pierre Brown,0.8
Devery Henderson,Devery Henderson,Troy Henderson,0.8
Daniel Graham,Daniel Graham,Jamie Graham,0.8
Danny Farmer,Danny Farmer,Danny Cameron,0.8
Justin Forsett,Justin Forsett,Austin Fort,0.8
Jordan Payton,Jordan Payton,Jordan Mason,0.8
Lee Smith,Lee Smith,Reese Smith,0.8
Richard Rodgers,Richard Rodgers,Richard Bridges,0.8
Dennis Morris,Dennis Morris,Dalen Morris,0.8
Robert Ferguson,Robert Ferguson,Rodney Ferguson,0.8
Robert Herron,Robert Herron,Robert Brown,0.8
Robert Turbin,Robert Turbin,Robert Burns,0.8
Anthony Lucas,Anthony Lucas,Anthony Muse,0.8
David Martin,David Martin,David Larkins,0.8
Doug Martin,Doug Martin,Bo Martin,0.8
Rock Cartwright,Rock Cartwright,Ryan Cartwright,0.8
Spencer Nead,Spencer Nead,Spencer Tears,0.8
Adam Jennings,Adam Jennings,Ali Jennings,0.8
Frank Murphy,Frank Murphy,Jordan Murphy,0.8
Mike James,Mike James,Mike Jones,0.8
Chris Rodriguez,Chris Rodriguez,Darius Rodrigue,0.8
John Conner,John Conner,JJ Conner,0.8
Clarence Moore,Clarence Moore,Lance Moore,0.8
Moran Norris,Moran Norris,Dorian Morris,0.8
Clark Harris,Clark Harris,Carlos Harris,0.8
Johnathan Franklin,Johnathan Franklin,Johnathan Hawkins,0.8
Musa Smith,Musa Smith,Matt Smith,0.8
Mike Thomas,Mike Thomas,Maurice Thomas,0.8
Nick Kasa,Nick Kasa,Nick Kovacs,0.8
Dylan Laube,Dylan Laube,Dylan Lee,0.8
Nick Boyle,Nick Boyle,Nick Byrne,0.8
De'Anthony Thomas,De'Anthony Thomas,Anthony Thompson,0.7878787878787878
Derrick Blaylock,Derrick Blaylock,Dominick Blaylock,0.7878787878787878
Justin Hamilton,Justin Hamilton,Christian Hamilton,0.7878787878787878
Larry Fitzgerald,Larry Fitzgerald,Bryant Fitzgerald,0.7878787878787878
Bennie Brazell,Bennie Brazell,Bennie Braswell III,0.7878787878787878
Terrance Ganaway,Terrance Ganaway,Terrance Broadway,0.7878787878787878
Terrence Austin,Terrence Austin,Tarean Austin,0.7857142857142857
Mike Strachan,Mike Strachan,Mike Strickland,0.7857142857142857
Carlos Francis,Carlos Francis,Chris Francies,0.7857142857142857
Martin Rucker,Martin Rucker,Markquan Rucker,0.7857142857142857
Jason McAddley,Jason McAddley,Jason McKinley,0.7857142857142857
Darrell Hill,Darrell Hill,Darrell Gill Jr.,0.7857142857142857
Jason Snelling,Jason Snelling,Jason Pellerin,0.7857142857142857
Darnell Sanders,Darnell Sanders,Dante Zanders,0.7857142857142857
Jarius Wright,Jarius Wright,Jacardia Wright,0.7857142857142857
Frank Summers,Frank Summers,Brandon Summers,0.7857142857142857
Adrian Madise,Adrian Madise,Adrian Martinez,0.7857142857142857
Anthony Becht,Anthony Becht,Anthony Beck II,0.7857142857142857
Armanti Edwards,Armanti Edwards,Ahmad Edwards,0.7857142857142857
Anthony Sherman,Anthony Sherman,Anthony Grant,0.7857142857142857
Tim Hightower,Tim Hightower,Brian Hightower,0.7857142857142857
Jerome Collins,Jerome Collins,Jerron Rollins,0.7857142857142857
Devonta Freeman,Devonta Freeman,Brent Freeman,0.7857142857142857
Jonathan Dwyer,Jonathan Dwyer,Jonathan Perry,0.7857142857142857
Brian Jennings,Brian Jennings,Devin Jennings,0.7857142857142857
Jerome Simpson,Jerome Simpson,Deonte Simpson,0.7857142857142857
Michael Jenkins,Michael Jenkins,Chase Jenkins,0.7857142857142857
LaMichael James,LaMichael James,Michael Jones,0.7857142857142857
Patrick Crayton,Patrick Crayton,Patrick Cowan,0.7857142857142857
Kendall Hunter,Kendall Hunter,Kendall Hinton,0.7857142857142857
Cedric Benson,Cedric Benson,Cedric Peterson,0.7857142857142857
Jonathan Stewart,Jonathan Stewart,Josh Stewart,0.7857142857142857
Andrew Pinnock,Andrew Pinnock,Andrew Janocko,0.7857142857142857
Scotty Anderson,Scotty Anderson,Colt Anderson,0.7857142857142857
Jeremy Hill,Jeremy Hill,Jeremy Kelly,0.782608695652174
Jerell Adams,Jerell Adams,Derek Adams,0.782608695652174
Alan Bonner,Alan Bonner,Logan Bonner,0.782608695652174
Joey Jamison,Joey Jamison,Joe Jackson,0.782608695652174
Zach Miller,Zach Miller,Heath Miller,0.782608695652174
Jesse James,Jesse James,Jesse Palmer,0.782608695652174
Leroy Fields,Leroy Fields,Joey Fields,0.782608695652174
Kyle Rudolph,Kyle Rudolph,Jay Rudolph,0.782608695652174
LeRon McCoy,LeRon McCoy,LeSean McCoy,0.782608695652174
Kareem Kelly,Kareem Kelly,Kiael Kelly,0.782608695652174
Xavier Omon,Xavier Omon,Xavier Brown,0.782608695652174
Luke Willson,Luke Willson,Jake Wilson,0.782608695652174
John Nalbone,John Nalbone,Josh Malone,0.782608695652174
Joe McKnight,Joe McKnight,Jake Knight,0.782608695652174
Beanie Wells,Beanie Wells,Blake Wells,0.782608695652174
Patrick Pass,Patrick Pass,Patrick Rea,0.782608695652174
Devin Street,Devin Street,Devin Green,0.782608695652174
Fred Davis,Fred Davis,Trenard Davis,0.782608695652174
Evan Royster,Evan Royster,Evan Lester,0.782608695652174
Ashley Lelie,Ashley Lelie,Alex Leslie,0.782608695652174
Muneer Moore,Muneer Moore,Peter Moore,0.782608695652174
Edwin Baker,Edwin Baker,Edwin Carter,0.782608695652174
Bruce Perry,Bruce Perry,Bryce Pierre,0.782608695652174
Dustin Lyman,Dustin Lyman,Dustin Long,0.782608695652174
Paul Perkins,Paul Perkins,Paul Piferi,0.782608695652174
Donnie Avery,Donnie Avery,Donnie Gray,0.782608695652174
Cedric Humes,Cedric Humes,Chris Humes,0.782608695652174
Chris Luzar,Chris Luzar,Chris Larsen,0.782608695652174
Gary Barnidge,Gary Barnidge,Gary Pride,0.782608695652174
Steve Slaton,Steve Slaton,Steve Savoy,0.782608695652174
Derek Abney,Derek Abney,Derek Gorney,0.782608695652174
Kevan Barlow,Kevan Barlow,Kevin Brown,0.782608695652174
Rick Razzano,Rick Razzano,Nick Ragano,0.782608695652174
Walter Young,Walter Young,Wyatt Young,0.782608695652174
David Tyree,David Tyree,David Greene,0.782608695652174
David Morgan,David Morgan,David Koral,0.782608695652174
Cory Rodgers,Cory Rodgers,Cody Hodges,0.782608695652174
Shonn Greene,Shonn Greene,Ahmon Green,0.782608695652174
Tyler Ervin,Tyler Ervin,Tyler Lavine,0.782608695652174
Brett Swain,Brett Swain,Brett Hamlin,0.782608695652174
Emanuel Smith,Emanuel Smith,Emil Smith,0.782608695652174
Triandos Luke,Triandos Luke,Brian Luke,0.782608695652174
Bradie Ewing,Bradie Ewing,Brodie King,0.782608695652174
Avion Black,Avion Black,Antwon Black,0.782608695652174
Walt Powell,Walt Powell,Grant Powell,0.782608695652174
Matt Murphy,Matt Murphy,Micah Murphy,0.782608695652174
Jalen Parmele,Jalen Parmele,Jalen Hale,0.782608695652174
Thomas Jones,Thomas Jones,Chase Jones,0.782608695652174
Daniel Lasco,Daniel Lasco,Daniel Sams,0.782608695652174
Amari Cooper,Amari Cooper,Eric Cooper,0.782608695652174
Tim Toone,Tim Toone,Tim Jones,0.7777777777777778
Alex Green,Alex Green,AJ Green,0.7777777777777778
Ryan Swope,Ryan Swope,Ryan Boe,0.7777777777777778
Ryan Hoag,Ryan Hoag,Ryan Hart,0.7777777777777778
Joe Klopfenstein,Joe Klopfenstein,Matthew Klopfenstein,0.7777777777777778
Sam Aiken,Sam Aiken,Sam Allen,0.7777777777777778
John Broussard,John Broussard,Quinton Broussard,0.7741935483870968
Daurice Fountain,Daurice Fountain,Garret Fountain,0.7741935483870968
Brandon Pettigrew,Brandon Pettigrew,Brandon Peters,0.7741935483870968
Vincent Jackson,Vincent Jackson,Quinetin Jackson,0.7741935483870968
Anthony Fasano,Anthony Fasano,Anthony McFarland,0.7741935483870968
Rishard Matthews,Rishard Matthews,Joshua Matthews,0.7741935483870968
Brandon Manumaleuna,Brandon Manumaleuna,Brandon Mann,0.7741935483870968
Malcolm Mitchell,Malcolm Mitchell,Tralon Mitchell,0.7741935483870968
Leonard Hankerson,Leonard Hankerson,Leonard Parker,0.7741935483870968
Gerald Christian,Gerald Christian,Trace Christian,0.7741935483870968
Maurice Stovall,Maurice Stovall,Melquise Stovall,0.7741935483870968
Charles Clay,Charles Clay,Charles Finley,0.7692307692307693
Brian Hartline,Brian Hartline,Brian Battie,0.7692307692307693
Terry Charles,Terry Charles,Terry Caulley,0.7692307692307693
Kendall Newson,Kendall Newson,Kendall Long,0.7692307692307693
Kenjon Barner,Kenjon Barner,Keenan Barnes,0.7692307692307693
Willie Ponder,Willie Ponder,Willie Parker,0.7692307692307693
Brandon Lloyd,Brandon Lloyd,Brandon Colon,0.7692307692307693
Bryan Fletcher,Bryan Fletcher,Max Fletcher,0.7692307692307693
Stedman Bailey,Stedman Bailey,Emani Bailey,0.7692307692307693
Terrelle Smith,Terrelle Smith,Trelon Smith,0.7692307692307693
Clay Harbor,Clay Harbor,Clayton Barbour,0.7692307692307693
Bernard Scott,Bernard Scott,Brandon Scott,0.7692307692307693
Aaron Dobson,Aaron Dobson,Caron Robinson,0.7692307692307693
Stepfan Taylor,Stepfan Taylor,Shaun Taylor,0.7692307692307693
Cobi Hamilton,Cobi Hamilton,Mike Hamilton,0.7692307692307693
Kevin Everett,Kevin Everett,Kevin Purlett,0.7692307692307693
Brian Robiskie,Brian Robiskie,Brian Reinke,0.7692307692307693
Thomas Clayton,Thomas Clayton,Omar Clayton,0.7692307692307693
Will Franklin,Will Franklin,Mike Franklin,0.7692307692307693
Justin Fargas,Justin Fargas,Justin Sparks,0.7692307692307693
Orson Charles,Orson Charles,Irvin Charles,0.7692307692307693
Marc Mariani,Marc Mariani,Marcus Mariota,0.7692307692307693
Maurice Morris,Maurice Morris,Maurice Mayo,0.7692307692307693
Malcolm Kelly,Malcolm Kelly,Malcolm Beyah,0.7692307692307693
Jerry Porter,Jerry Porter,Bernard Porter,0.7692307692307693
J.T. O'Sullivan,J.T. O'Sullivan,TJ Sullivan,0.7692307692307693
Allen Patrick,Allen Patrick,Kunle Patrick,0.7692307692307693
Isaiah Coulter,Isaiah Coulter,Isaiah Zuber,0.7692307692307693
Gavin Escobar,Gavin Escobar,Mario Escobar,0.7692307692307693
Garrett Wolfe,Garrett Wolfe,Garret Dooley,0.7692307692307693
William Green,William Green,William Brown,0.7692307692307693
John Gilmore,John Gilmore,Jordan Wilmore,0.7692307692307693
Ethan Kilmer,Ethan Kilmer,Ethan Fischler,0.7692307692307693
Johnnie Morant,Johnnie Morant,Johnnie Lang,0.7692307692307693
Doug Gabriel,Doug Gabriel,Dillon Gabriel,0.7692307692307693
Leonard Pope,Leonard Pope,Leonard Parker,0.7692307692307693
Denarius Moore,Denarius Moore,Deonta Moore,0.7692307692307693
Tyler Gaffney,Tyler Gaffney,Tyler Graunke,0.7692307692307693
Dante Rosario,Dante Rosario,Dante Cousart,0.7692307692307693
Julius Thomas,Julius Thomas,Jaylin Thomas,0.7692307692307693
Ronnie Hillman,Ronnie Hillman,Jon Hilliman,0.7692307692307693
Peter Warrick,Peter Warrick,Peter Parrish,0.7692307692307693
Richard Quinn,Richard Quinn,Richard Irvin,0.7692307692307693
Robert Royal,Robert Royal,Robert Ratliff,0.7692307692307693
Tyler Thigpen,Tyler Thigpen,Dylan Thigpen,0.7692307692307693
Derrick Henry,Derrick Henry,Derrick Green,0.7692307692307693
Quincy Wilson,Quincy Wilson,Austin Wilson,0.7692307692307693
Justice Cunningham,Justice Cunningham,Chase Cunningham,0.7647058823529411
Manuel White,Manuel White,Max White,0.7619047619047619
Mark Anelli,Mark Anelli,Mark Allen,0.7619047619047619
Todd Husak,Todd Husak,Todd Hudson,0.7619047619047619
Marc Bulger,Marc Bulger,Marc Tyler,0.7619047619047619
Matt Spaeth,Matt Spaeth,Matt Smith,0.7619047619047619
Tim Rattay,Tim Rattay,Tim Masthay,0.7619047619047619
Steve Smith,Steve Smith,Nate Smith,0.7619047619047619
Mike Roberg,Mike Roberg,Mike Weber,0.7619047619047619
Ryan Whalen,Ryan Whalen,Ryan Allen,0.7619047619047619
Ron Dixon,Ron Dixon,Collin Dixon,0.7619047619047619
Tyler Ecker,Tyler Ecker,Tyler Sear,0.7619047619047619
Luke Stocker,Luke Stocker,Luke Soto,0.7619047619047619
Stephen Hill,Stephen Hill,Stan Hill,0.7619047619047619
Tavarres King,Tavarres King,Tre King,0.7619047619047619
John Owens,John Owens,Kejon Owens,0.7619047619047619
Greg Little,Greg Little,Greg White,0.7619047619047619
Greg Salas,Greg Salas,Greg Paulus,0.7619047619047619
Josh Scobey,Josh Scobey,Josh Foley,0.7619047619047619
John Capel,John Capel,John Chenal,0.7619047619047619
Dez White,Dez White,Desmon White,0.7619047619047619
David Kircus,David Kircus,David Gru,0.7619047619047619
Erik Jensen,Erik Jensen,Erik Olsen,0.7619047619047619
Fred Gibson,Fred Gibson,Fred Nixon,0.7619047619047619
Golden Tate,Golden Tate,Auden Tate,0.7619047619047619
Julius Jones,Julius Jones,Jim Jones,0.7619047619047619
Brent Celek,Brent Celek,Bret Clark,0.7619047619047619
Greg Olsen,Greg Olsen,Greg Golden,0.7619047619047619
Dante Hall,Dante Hall,Daniel Hill,0.7619047619047619
Jason Avant,Jason Avant,Jason Bean,0.7619047619047619
Heath Evans,Heath Evans,Nate Evans,0.7619047619047619
Alfred Blue,Alfred Blue,Alred Luke,0.7619047619047619
Lance Kendricks,Lance Kendricks,Andre Kendrick,0.7586206896551724
Patrick Estes,Patrick Estes,Patrick Worstell,0.7586206896551724
Marcus Maxwell,Marcus Maxwell,Marcus Marshall,0.7586206896551724
Darren Waller,Darren Waller,Cartraven Walker,0.7586206896551724
Marques Colston,Marques Colston,Marquis Wilson,0.7586206896551724
Andrew Quarless,Andrew Quarless,Andrew Maleski,0.7586206896551724
Rashad Jennings,Rashad Jennings,Jauan Jennings,0.7586206896551724
Lavelle Hawkins,Lavelle Hawkins,Xavier Hawkins,0.7586206896551724
Bernard Berrian,Bernard Berrian,Bernard Morris,0.7586206896551724
Jerome Harrison,Jerome Harrison,Jerome Jackson,0.7586206896551724
Richard Gordon,Richard Gordon,Richard Johnson,0.7586206896551724
DeAndrew Rubin,DeAndrew Rubin,Andrew Robinson,0.7586206896551724
Austin Wheatley,Austin Wheatley,Austin Bradley,0.7586206896551724
Talman Gardner,Talman Gardner,Cameron Gardner,0.7586206896551724
Cedric Houston,Cedric Houston,Kendrick Mouton,0.7586206896551724
Jerramy Stevens,Jerramy Stevens,JaCoby Stevens,0.7586206896551724
Brian Westbrook,Brian Westbrook,Nick Westbrook,0.7586206896551724
Jake O'Connell,Jake O'Connell,Aidan O'Connell,0.7586206896551724
Ciatrick Fason,Ciatrick Fason,Patrick Jackson,0.7586206896551724
Reggie Wayne,Reggie Wayne,Reggie White,0.75
Owen Schmitt,Owen Schmitt,Andy Schmitt,0.75
Dwayne Allen,Dwayne Allen,Chance Allen,0.75
Eddie Berlin,Eddie Berlin,Eddie Martin,0.75
Najeh Davenport,Najeh Davenport,Jahrvis Davenport,0.75
Mychal Rivera,Mychal Rivera,Ryan Rivera,0.75
Eric Saubert,Eric Saubert,Eric Laurent,0.75
Eric Shelton,Eric Shelton,Tyre Shelton,0.75
Jalston Fowler,Jalston Fowler,Jason Ford,0.75
Kenny Lawler,Kenny Lawler,Kenny Bailey,0.75
Dareke Young,Dareke Young,Daniel Young,0.75
Dennis Pitta,Dennis Pitta,Dennis Smith,0.75
Storm Johnson,Storm Johnson,Cam Johnson,0.75
Adam Trautman,Adam Trautman,Adam Froman,0.75
Antonio Pittman,Antonio Pittman,Antonio Patterson,0.75
Troy Niklas,Troy Niklas,Troy Williams,0.75
Trindon Holliday,Trindon Holliday,Brandon Holloway,0.75
Trevor Gaylor,Trevor Gaylor,Tory Taylor,0.75
Ben Patrick,Ben Patrick,Kunle Patrick,0.75
Travis Beckum,Travis Beckum,Travis Bell,0.75
Bilal Powell,Bilal Powell,Blake Nowell,0.75
Bobby Newcombe,Bobby Newcombe,Bobby Rome,0.75
Casey Moore,Casey Moore,Charlie Moore,0.75
Chris Gragg,Chris Gragg,Chris Maragos,0.75
Cliff Russell,Cliff Russell,Tim Russell,0.75
Robert Woods,Robert Woods,Robert Gross,0.75
Sterling Shepard,Sterling Shepard,Sterling Stowers,0.75
Skyler Green,Skyler Green,Taylen Green,0.75
Shaun Chapas,Shaun Chapas,Shaun Thomas,0.75
Shane Bannon,Shane Bannon,Sean Mannion,0.75
Dallas Baker,Dallas Baker,Dallas Payne,0.75
Sammy Morris,Sammy Morris,Shane Morris,0.75
Dan Herron,Dan Herron,Dajon Harrison,0.75
Dan O'Leary,Dan O'Leary,Donovan Leary,0.75
Danny Vitale,Danny Vitale,Danny Pinter,0.75
Davante Adams,Davante Adams,Devin Adams,0.75
David Gettis,David Gettis,David Givens,0.75
Mario Manningham,Mario Manningham,Malik Cunningham,0.75
Zuriel Smith,Zuriel Smith,Trelon Smith,0.75
Josh Doctson,Josh Doctson,Jahan Dotson,0.75
Jimmy Graham,Jimmy Graham,James Graham,0.75
Kenneth Dixon,Kenneth Dixon,Keith Mixon,0.75
LenDale White,LenDale White,Jalen White,0.75
Jerome Felton,Jerome Felton,Jerome Ford,0.75
Kevin McMahan,Kevin McMahan,Kevin Fagan,0.75
Leonard Henry,Leonard Henry,Keron Henry,0.75
Kevin Kasper,Kevin Kasper,Kevin Walter,0.75
Maurice Clarett,Maurice Clarett,Maurice Drew,0.7407407407407407
Kenneth Darby,Kenneth Darby,Kenneth Farrow,0.7407407407407407
Troy Fleming,Troy Fleming,Cameron Fleming,0.7407407407407407
Trenton Cannon,Trenton Cannon,Bryson Cannon,0.7407407407407407
Travis Prentice,Travis Prentice,Travis Kelce,0.7407407407407407
Kelvin Benjamin,Kelvin Benjamin,Eno Benjamin,0.7407407407407407
Tony Scheffler,Tony Scheffler,Joe Schieffer,0.7407407407407407
Tommy Streeter,Tommy Streeter,Tommy Beecher,0.7407407407407407
Rashard Higgins,Rashard Higgins,Ryan Higgins,0.7407407407407407
Tommy Bohanon,Tommy Bohanon,Tommy Thornton,0.7407407407407407
Robert Meachem,Robert Meachem,Robert French,0.7407407407407407
Jeris McIntyre,Jeris McIntyre,Jay MacIntyre,0.7407407407407407
Mike Gillislee,Mike Gillislee,Mike Williams,0.7407407407407407
Freddie Milons,Freddie Milons,Freddie Swain,0.7407407407407407
Brody Eldridge,Brody Eldridge,Kade Eldridge,0.7407407407407407
Terrence Murphy,Terrence Murphy,Tyler Murphy,0.7407407407407407
Carlos Hyde,Carlos Hyde,Carlos Henderson,0.7407407407407407
Keith Marshall,Keith Marshall,Matt Marshall,0.7407407407407407
Justise Hairston,Justise Hairston,AJ Hairston,0.7407407407407407
Courtney Roby,Courtney Roby,Courtney Reese,0.7407407407407407
DeShaun Foster,DeShaun Foster,Denzel Foster,0.7407407407407407
Easton Stick,Easton Stick,Ashton Stredick,0.7407407407407407
Antwoine Womack,Antwoine Womack,Antwon Black,0.7407407407407407
Derek Stanley,Derek Stanley,Carter Stanley,0.7407407407407407
Marcus Murphy,Marcus Murphy,Marcus McElroy,0.7407407407407407
Aaron Mellette,Aaron Mellette,Adam Mallette,0.7407407407407407
Rashad Greene,Rashad Greene,Rashad Wheeler,0.7407407407407407
Rhett Ellison,Rhett Ellison,Rhett Williams,0.7407407407407407
Jerome Mathis,Jerome Mathis,Devonte Mathis,0.7407407407407407
Richard Angulo,Richard Angulo,Richard Lagow,0.7407407407407407
Martrez Milner,Martrez Milner,Martez Walker,0.7407407407407407
Jamin Elliott,Jamin Elliott,Nathan Elliott,0.7407407407407407
Ron Dayne,Ron Dayne,Leon Payne,0.7368421052631579
Larry Ned,Larry Ned,Larry Dace,0.7368421052631579
Ryan Krause,Ryan Krause,Ryan Kay,0.7368421052631579
J.T. Wall,J.T. Wall,J.J. Wills,0.7368421052631579
Deon Dyer,Deon Dyer,Derek Dyer,0.7368421052631579
Wes Pate,Wes Pate,Wesley Tate,0.7368421052631579
Trey Lance,Trey Lance,Tony Lane,0.7368421052631579
Jay Prosch,Jay Prosch,Jay Urich,0.7368421052631579
Cory Boyd,Cory Boyd,Avery Boyd,0.7368421052631579
Ben Koyack,Ben Koyack,Ben Black,0.7368421052631579
Cody Core,Cody Core,Cody Grace,0.7368421052631579
Zach Ertz,Zach Ertz,Zach Grant,0.7368421052631579
Rob Gronkowski,Rob Gronkowski,Glenn Gronkowski,0.7333333333333333
DeMarco Sampson,DeMarco Sampson,D'Marco Jackson,0.7333333333333333
Demetrius Byrd,Demetrius Byrd,Demetrius Battle,0.7333333333333333
Ahmaad Galloway,Ahmaad Galloway,Andrew Galloway,0.7333333333333333
Chris Ogbonnaya,Chris Ogbonnaya,Chinedu Ogbonna,0.7333333333333333
Brad Sorensen,Brad Sorensen,Brady Christensen,0.7333333333333333
Darnerien McCants,Darnerien McCants,Tyree McCants,0.7333333333333333
Steve Smith Sr.,Steve Smith Sr.,Steven Sims Jr.,0.7333333333333333
Tim Massaquoi,Tim Massaquoi,Mohamed Massaquoi,0.7333333333333333
Lawrence Vickers,Lawrence Vickers,Lawrence Cager,0.7333333333333333
Martavis Bryant,Martavis Bryant,Harrison Bryant,0.7333333333333333
Quinten Lawrence,Quinten Lawrence,Quinten Parker,0.7333333333333333
Jermichael Finley,Jermichael Finley,Michael Wiley,0.7333333333333333
Andrew Ogletree,Andrew Ogletree,Marnez Ogletree,0.7333333333333333
George Wrighster,George Wrighster,George Frazier,0.7333333333333333
Donte' Stallworth,Donte' Stallworth,Brian Stallworth,0.7272727272727273
Nick O'Leary,Nick O'Leary,Nick Leach,0.7272727272727273
DeAndra Cobb,DeAndra Cobb,Dalen Cobb,0.7272727272727273
Cooper Kupp,Cooper Kupp,Cooper Lutz,0.7272727272727273
Nate Lawrie,Nate Lawrie,Nate Carter,0.7272727272727273
Cornelius Ingram,Cornelius Ingram,Cornelius Douglas,0.7272727272727273
John Skelton,John Skelton,John Simon,0.7272727272727273
Nick Vannett,Nick Vannett,Nick Patti,0.7272727272727273
Johnny Knox,Johnny Knox,Johnny Ford,0.7272727272727273
De'Angelo Henderson,De'Angelo Henderson,Greg Henderson,0.7272727272727273
Shad Meier,Shad Meier,Shawn Miller,0.7272727272727273
David Reed,David Reed,David Greene,0.7272727272727273
Seth Devalve,Seth Devalve,Seth Doege,0.7272727272727273
Danny Coale,Danny Coale,Danny Clark,0.7272727272727273
Joseph Addai,Joseph Addai,Josh Adams,0.7272727272727273
Devon Wylie,Devon Wylie,Devon Allen,0.7272727272727273
Kenyan Drake,Kenyan Drake,Koby Drake,0.7272727272727273
Billy Bajema,Billy Bajema,Billy Bahl,0.7272727272727273
Jace Amaro,Jace Amaro,Jarell Aaron,0.7272727272727273
Baron Batch,Baron Batch,Aaron Bates,0.7272727272727273
Ben Hartsock,Ben Hartsock,Ben Batson,0.7272727272727273
Tony Moeaki,Tony Moeaki,Tony Mathis,0.7272727272727273
Jahvid Best,Jahvid Best,Jarvis West,0.7272727272727273
Glen Coffee,Glen Coffee,Glen Coates,0.7272727272727273
Nate Byham,Nate Byham,Nate Needham,0.7272727272727273
Titus Young,Titus Young,Chris Young,0.7272727272727273
Mike Goodson,Mike Goodson,Mike Boone,0.7272727272727273
Tyler Eifert,Tyler Eifert,Tyler Sear,0.7272727272727273
Tyler Higbee,Tyler Higbee,Tyler King,0.7272727272727273
Keith Null,Keith Null,Keith Nichol,0.7272727272727273
Felix Jones,Felix Jones,Dilin Jones,0.7272727272727273
Tyler Kroft,Tyler Kroft,Tyler Arndt,0.7272727272727273
Tyreek Hill,Tyreek Hill,Tyree Kelly,0.7272727272727273
J.R. Russell,J.R. Russell,J.R. House,0.7272727272727273
Kenny Irons,Kenny Irons,Kenny Young,0.7272727272727273
Bubba Franks,Bubba Franks,Zay Franks,0.7272727272727273
Woody Marks,Woody Marks,Cody Markel,0.7272727272727273
Jeff Heuerman,Jeff Heuerman,DJ Herman,0.7272727272727273
Chad Morton,Chad Morton,Cade Fortin,0.7272727272727273
Kaelin Clay,Kaelin Clay,Kaelin Byrd,0.7272727272727273
T.J. Yeldon,T.J. Yeldon,C.J. Nelson,0.7272727272727273
Derek Hagan,Derek Hagan,Deuce Hogan,0.7272727272727273
Joel Filani,Joel Filani,Joel Wilson,0.7272727272727273
Christine Michael,Christine Michael,Christian Malloy,0.7272727272727273
Tyrone Calico,Tyrone Calico,Tyrone Clark,0.72
Arman Shields,Arman Shields,Armand Shyne,0.72
Dedrick Epps,Dedrick Epps,Dedrick Mills,0.72
Alvin Pearman,Alvin Pearman,Alvin Kamara,0.72
Andre Debose,Andre Debose,Andre Levrone,0.72
Alex Bannister,Alex Bannister,Alex Barnes,0.72
Coby Fleener,Coby Fleener,Colby Freeman,0.72
Toney Clemons,Toney Clemons,Jake Clemons,0.72
Tommy Mellott,Tommy Mellott,Tommy Miller,0.72
Rueben Randle,Rueben Randle,Jaren Randle,0.72
Keith Zinger,Keith Zinger,Keith Wenning,0.72
Brad Smelley,Brad Smelley,Brian Lemelle,0.72
Sammie Coates,Sammie Coates,Simmie Cobbs,0.72
Juron Criner,Juron Criner,Tyron Carrier,0.72
Scott Chandler,Scott Chandler,Scott Elder,0.72
Tajae Sharpe,Tajae Sharpe,Raylen Sharpe,0.72
Curtis Keaton,Curtis Keaton,Curtis Brown,0.72
Charone Peake,Charone Peake,Carson Baker,0.72
Chaz Schilens,Chaz Schilens,Chad Schwenk,0.72
Keith Heinrich,Keith Heinrich,Keith Price,0.72
Clive Walford,Clive Walford,Cade Wolford,0.72
Brooks Foster,Brooks Foster,Brock Forsey,0.72
Ryan Flournoy,Ryan Flournoy,Ryan Colburn,0.72
Paul Hubbard,Paul Hubbard,Billy Hubbard,0.72
Ramses Barden,Ramses Barden,James Barnes,0.72
J.J. Arrington,J.J. Arrington,J.J. Worton,0.72
Mickey Shuler,Mickey Shuler,Mikey Pauley,0.72
Quincy Morgan,Quincy Morgan,Manny Morgan,0.72
Devin Funchess,Devin Funchess,Devin Burns,0.72
Marion Grice,Marion Grice,Daryon Triche,0.72
Oren O'Neal,Oren O'Neal,Dejonte O'Neal,0.72
Frank Moreau,Frank Moreau,Foster Moreau,0.72
Marcedes Lewis,Marcedes Lewis,Jaren Lewis,0.72
Mario Alford,Mario Alford,Damien Alford,0.72
Mike Seidman,Mike Seidman,Nick Sheridan,0.72
Domenik Hixon,Domenik Hixon,Dennis Dixon,0.72
Dwayne Bowe,Dwayne Bowe,Tayvone Bowers,0.72
Jason Pociask,Jason Pociask,Jason Thomas,0.72
Donte Moncrief,Donte Moncrief,Dante Moore,0.72
David Ausberry,David Ausberry,Darius Maberry,0.7142857142857143
Rondell Mealey,Rondell Mealey,Randall Mackey,0.7142857142857143
Santonio Holmes,Santonio Holmes,Antonio Jones,0.7142857142857143
Dave Stachelski,Dave Stachelski,Dave Shinskie,0.7142857142857143
Junior Bergen,Junior Bergen,Hunter Bergeron,0.7142857142857143
Giovani Bernard,Giovani Bernard,Micah Bernard,0.7142857142857143
Shaquelle Evans,Shaquelle Evans,Jahquez Evans,0.7142857142857143
Clinton Portis,Clinton Portis,Quinton Porter,0.7142857142857143
Dezmon Briscoe,Dezmon Briscoe,Dejon Brissett,0.7142857142857143
Marcus Lattimore,Marcus Lattimore,Marcus Major,0.7142857142857143
Jeremy Langford,Jeremy Langford,Jeremy Larkin,0.7142857142857143
Randy McMichael,Randy McMichael,Ryan Mitchell,0.7142857142857143
Devin Aromashodu,Devin Aromashodu,Devin Thomas,0.7142857142857143
Aaron Burbridge,Aaron Burbridge,Aaron Bradley,0.7142857142857143
Jeremy Shockey,Jeremy Shockey,Jeremy Ruckert,0.7142857142857143
Windrell Hayes,Windrell Hayes,Donielle Hayes,0.7142857142857143
Alshon Jeffery,Alshon Jeffery,Justin Jeffery,0.7142857142857143
Derek Schouman,Derek Schouman,Derek Thompson,0.7142857142857143
Junior Hemingway,Junior Hemingway,Tonka Hemingway,0.7096774193548387
Giovanni Carmazzi,Giovanni Carmazzi,Giovanni Vizza,0.7096774193548387
Temarrick Hemingway,Temarrick Hemingway,Tonka Hemingway,0.7058823529411765
Lorenzo Taliaferro,Lorenzo Taliaferro,Lorenzo Harrison,0.7058823529411765
Todd Heap,Todd Heap,Todd Lee,0.7058823529411765
Jay Ajayi,Jay Ajayi,Jay Fair,0.7058823529411765
Niles Paul,Niles Paul,Neil Pau'u,0.7
Tom Santi,Tom Santi,Tom Stewart,0.7
Tatum Bell,Tatum Bell,Jamal Bell,0.7
Drew Haddad,Drew Haddad,Drew Hare,0.7
Alex Armah,Alex Armah,Alex Adams,0.7
Tank Dell,Tank Dell,Taiwan Deal,0.7
Geoff Swaim,Geoff Swaim,Jeff Sims,0.7
Eric Ebron,Eric Ebron,Erik Brown,0.7
Clyde Gates,Clyde Gates,Cole Gest,0.7
Rob Housler,Rob Housler,Rob Henry,0.7
Bill Baber,Bill Baber,Billy Bahl,0.7
Josh Huff,Josh Huff,Jordan Huff,0.7
Jeff Dugan,Jeff Dugan,Jeff Aaron,0.7
Nate Ilaoa,Nate Ilaoa,Nate Floyd,0.7
Ben Obomanu,Ben Obomanu,Ben Olson,0.7
Marqise Lee,Marqise Lee,Malik Lee,0.7
Lionel Gates,Lionel Gates,Lionel Pieh,0.6956521739130435
Kyle Lauletta,Kyle Lauletta,Kyle Daley,0.6956521739130435
MyCole Pruitt,MyCole Pruitt,Kyle Pitts,0.6956521739130435
Joel Dreessen,Joel Dreessen,Joe Dineen,0.6956521739130435
Matt Kranchick,Matt Kranchick,Matt Pack,0.6956521739130435
Jameson Konz,Jameson Konz,Jason Brown,0.6956521739130435
Stanley Havili,Stanley Havili,Stan Hill,0.6956521739130435
Tarik Cohen,Tarik Cohen,Tariq Woolen,0.6956521739130435
Verron Haynes,Verron Haynes,Leon Payne,0.6956521739130435
Artose Pinner,Artose Pinner,Art Pierce,0.6956521739130435
Rico Gathers,Rico Gathers,Rico Powers,0.6956521739130435
Deji Karim,Deji Karim,Devin Kargman,0.6956521739130435
Kiero Small,Kiero Small,Miklo Smalls,0.6956521739130435
Carl Ford,Carl Ford,Charles Gordon,0.6956521739130435
Theo Riddick,Theo Riddick,Teo Redding,0.6956521739130435
Brad Cottam,Brad Cottam,Brad Sonntag,0.6956521739130435
Le'Ron McClain,Le'Ron McClain,Deon Cain,0.6956521739130435
Virgil Green,Virgil Green,Wiley Green,0.6956521739130435
Greg Childs,Greg Childs,Henri Childs,0.6956521739130435
Keith Mumphery,Keith Mumphery,Keith Rucker,0.6923076923076923
Willie Reid,Willie Reid,Willie Eldridge,0.6923076923076923
Melvin Gordon,Melvin Gordon,Brevin Jordan,0.6923076923076923
Kellen Winslow,Kellen Winslow,Kellen Lewis,0.6923076923076923
Tony Fiammetta,Tony Fiammetta,Tony Lippett,0.6923076923076923
Todd Pinkston,Todd Pinkston,Todd Peterson,0.6923076923076923
Cecil Shorts,Cecil Shorts,Daikiel Shorts,0.6923076923076923
Reggie Germany,Reggie Germany,Reggie Brown,0.6923076923076923
DeShawn Wynn,DeShawn Wynn,DeShawn Hanika,0.6923076923076923
Sean McHugh,Sean McHugh,Keshaun McGaugh,0.6923076923076923
Randall Telfer,Randall Telfer,Randall West,0.6923076923076923
Ricardo Louis,Ricardo Louis,Richard Lagow,0.6923076923076923
Sherrod Gideon,Sherrod Gideon,Sherod White,0.6923076923076923
Drake Dunsmore,Drake Dunsmore,Drake Dabney,0.6923076923076923
Dorin Dickerson,Dorin Dickerson,Dominic Benson,0.6896551724137931
Quinn Sypniewski,Quinn Sypniewski,Luke Sniewski,0.6896551724137931
Devard Darling,Devard Darling,Cameron Darling,0.6896551724137931
Desmond Kitchings,Desmond Kitchings,Desmond Cain,0.6896551724137931
Dauntae' Finger,Dauntae' Finger,Dontae Fleming,0.6896551724137931
Ezekiel Elliott,Ezekiel Elliott,Deonce Elliott,0.6896551724137931
Jerick McKinnon,Jerick McKinnon,Jerrick Gibson,0.6896551724137931
Cameron Artis-Payne,Cameron Artis-Payne,Cameron Birse,0.6875
Jabari Holloway,Jabari Holloway,Kadarius Calloway,0.6875
Breshad Perriman,Breshad Perriman,Terrell Perriman,0.6875
Jerricho Cotchery,Jerricho Cotchery,Jericho Flowers,0.6875
Rashard Mendenhall,Rashard Mendenhall,Rashad Medaris,0.6875
Richmond Flowers III,Richmond Flowers III,Jericho Flowers,0.6857142857142857
Nehemiah Broughton,Nehemiah Broughton,Nehemiah Martinez,0.6857142857142857
Austin Seferian-Jenkins,Austin Seferian-Jenkins,Austin Franklin,0.6842105263157895
Percy Harvin,Percy Harvin,Jerry Harris,0.6666666666666666
Tracey Wistrom,Tracey Wistrom,Tre Wisner,0.6666666666666666
Hakeem Nicks,Hakeem Nicks,Sam Hicks,0.6666666666666666
Ben Troupe,Ben Troupe,Boden Groen,0.6666666666666666
Malaefou MacKenzie,Malaefou MacKenzie,Isaiah McKenzie,0.6666666666666666
Adam Shaheen,Adam Shaheen,Adam Shapiro,0.6666666666666666
Johnnie Lee Higgins,Johnnie Lee Higgins,Jeremy Higgins,0.6666666666666666
Beau Sandland,Beau Sandland,Beau Tanner,0.6666666666666666
Aaron Ripkowski,Aaron Ripkowski,Artur Sitkowski,0.6666666666666666
Michael Hoomanawanui,Michael Hoomanawanui,Michael Henig,0.6666666666666666
Larry Brackins,Larry Brackins,Gary Banks,0.6666666666666666
Ladell Betts,Ladell Betts,Shadell Bell,0.6666666666666666
Bo Scaife,Bo Scaife,Bo Schneider,0.6666666666666666
Jim Dray,Jim Dray,JQ Gray,0.6666666666666666
Willis McGahee,Willis McGahee,Will Matthews,0.6666666666666666
Jason Gavadza,Jason Gavadza,Jackson Canaan,0.6666666666666666
Wendell Smallwood,Wendell Smallwood,Jordan Smallwood,0.6666666666666666
B.J. Askew,B.J. Askew,B.J. Denker,0.6666666666666666
Latavius Murray,Latavius Murray,Chris Murray,0.6666666666666666
Alge Crumpler,Alge Crumpler,Alex Carder,0.6666666666666666
Kennard Backman,Kennard Backman,Bernard Jackson,0.6666666666666666
JaJuan Seider,JaJuan Seider,Jhajuan Seales,0.6666666666666666
Vince Mayle,Vince Mayle,Eric Mayes,0.6666666666666666
Santana Moss,Santana Moss,Brandon Moss,0.6666666666666666
Arrelious Benn,Arrelious Benn,Cornelious Brown,0.6666666666666666
Quincy Enunwa,Quincy Enunwa,Quincy Jountti,0.6666666666666666
Jay Tant,Jay Tant,Jay Haynes,0.6666666666666666
Ron Dugans,Ron Dugans,Aaron Dumas,0.6666666666666666
Arther Love,Arther Love,Bryce Love,0.6666666666666666
Neal Sterling,Neal Sterling,Lamar Sperling,0.6666666666666666
LaTarence Dunbar,LaTarence Dunbar,Lawrence Cager,0.6666666666666666
Brad St. Louis,Brad St. Louis,Brad Lewis,0.6666666666666666
Ka'Deem Carey,Ka'Deem Carey,Cade Carney,0.6666666666666666
Leonte Carroo,Leonte Carroo,Deontae Cooper,0.6666666666666666
Eddie Lacy,Eddie Lacy,Eddie Lewis,0.6666666666666666
Snoop Minnis,Snoop Minnis,Snoop Conner,0.6666666666666666
Syndric Steptoe,Syndric Steptoe,Zion Steptoe,0.6666666666666666
Correll Buckhalter,Correll Buckhalter,Corey Rucker,0.6666666666666666
Milton Wynn,Milton Wynn,Milton Wright,0.6666666666666666
Reagan Maui'a,Reagan Maui'a,Reagan Ealy,0.6666666666666666
Ted Bolser,Ted Bolser,Kyle Boller,0.6666666666666666
Erron Kinney,Erron Kinney,Aaron Key,0.6666666666666666
Mike Sims-Walker,Mike Sims-Walker,Mark Walker,0.6666666666666666
Kyle Juszczyk,Kyle Juszczyk,Kyle Tucker,0.6666666666666666
Seth Burford,Seth Burford,Sam Bradford,0.6666666666666666
Kris Durham,Kris Durham,Chris Durr,0.6666666666666666
Dallas Goedert,Dallas Goedert,Dallas Rivers,0.6666666666666666
Darrius Heyward-Bey,Darrius Heyward-Bey,Derrick Hayward,0.6470588235294118
Mondriel Fulcher,Mondriel Fulcher,Montorie Foster,0.6451612903225806
Francis St. Paul,Francis St. Paul,Francis Sherman,0.6451612903225806
Vernand Morency,Vernand Morency,Fernando Mendoza,0.6451612903225806
Dennis Northcutt,Dennis Northcutt,Dennis Smith,0.6428571428571429
Dante Ridgeway,Dante Ridgeway,Dane Pardridge,0.6428571428571429
Laveranues Coles,Laveranues Coles,Cameron Cole,0.6428571428571429
Reuben Droughns,Reuben Droughns,Shaun Draughn,0.6428571428571429
Jimmy Garoppolo,Jimmy Garoppolo,Jimmy Haywood,0.6428571428571429
Nelson Agholor,Nelson Agholor,Nelson Rosario,0.6428571428571429
Visanthe Shiancoe,Visanthe Shiancoe,Brian Shane,0.6428571428571429
Ernest Wilford,Ernest Wilford,Ernest Calhoun,0.6428571428571429
Kealoha Pilares,Kealoha Pilares,Kendal Briles,0.6428571428571429
Andrei Iosivas,Andrei Iosivas,Andre Jones,0.64
Yamon Figurs,Yamon Figurs,Cameron Birse,0.64
R. Jay Soward,R. Jay Soward,Jerry Howard,0.64
Levine Toilolo,Levine Toilolo,Melvin Hill,0.64
Mikel Leshoure,Mikel Leshoure,Mike Perish,0.64
Mareno Philyaw,Mareno Philyaw,Aaron Philo,0.64
Mario Urrutia,Mario Urrutia,Mario Craver,0.64
Jake Schifino,Jake Schifino,Jake Johnson,0.64
Bishop Sankey,Bishop Sankey,Bishop Louie,0.64
Ken-Yon Rambo,Ken-Yon Rambo,Kevonn Mabon,0.64
Airese Currie,Airese Currie,Jesse Ofurie,0.64
Bennie Joppru,Bennie Joppru,Bennie Coney,0.64
D.J. Hackett,D.J. Hackett,Aaron Hackett,0.64
Bear Pascoe,Bear Pascoe,Bernard Porter,0.64
C.J. Prosise,C.J. Prosise,A.J. Branisel,0.64
Herb Haygood,Herb Haygood,Caleb Hood,0.6363636363636364
Jeb Putzier,Jeb Putzier,Jake Peters,0.6363636363636364
T.J. Duckett,T.J. Duckett,E.J. Scott,0.6363636363636364
J.D. Runnels,J.D. Runnels,J.J. Jones,0.6363636363636364
Spergon Wynn,Spergon Wynn,Sean Flynn,0.6363636363636364
Lee Suggs,Lee Suggs,A.J. Suggs,0.631578947368421
Roy Helu,Roy Helu,Rodney Hall,0.631578947368421
Dorial Green-Beckham,Dorial Green-Beckham,Darian Green,0.625
Bob Slowikowski,Bob Slowikowski,Brad Sochowski,0.6206896551724138
Ryan D'Imperio,Ryan D'Imperio,Ryan Perrilloux,0.6206896551724138
Craphonso Thorpe,Craphonso Thorpe,Payton Thorne,0.6206896551724138
Sinorice Moss,Sinorice Moss,Jakairi Moses,0.6153846153846154
Tutu Atwell,Tutu Atwell,Hunter Cantwell,0.6153846153846154
Mardy Gilyard,Mardy Gilyard,Jadyn Glasser,0.6153846153846154
C.J. Fiedorowicz,C.J. Fiedorowicz,C.J. Brown,0.6153846153846154
Knowshon Moreno,Knowshon Moreno,John Mosure,0.6153846153846154
Ovie Mughelli,Ovie Mughelli,David Mullins,0.6153846153846154
LaRod Stephens-Howling,LaRod Stephens-Howling,Larry Stephens,0.6111111111111112
Owen Marecic,Owen Marecic,Owen McCown,0.6086956521739131
Moritz Boehringer,Moritz Boehringer,Brian Buehner,0.6
Rob Blanchflower,Rob Blanchflower,Robert Sanford,0.6
Doug Jolley,Doug Jolley,Tom Foley,0.6
Tim Euhus,Tim Euhus,Tim Russell,0.6
Madison Hedgecock,Madison Hedgecock,Harrison Beck,0.6
Fendi Onobun,Fendi Onobun,Freddie Johnson,0.5925925925925926
Lache Seastrunk,Lache Seastrunk,Lane Bearden,0.5925925925925926
Trung Canidate,Trung Canidate,Craig Candeto,0.5925925925925926
Tevita Ofahengaue,Tevita Ofahengaue,Tevita Ika,0.5925925925925926
LaDainian Tomlinson HOF,LaDainian Tomlinson HOF,Dino Tomlin,0.5882352941176471
Limas Sweed,Limas Sweed,Demarius Reed,0.5833333333333334
Fui Vakapuna,Fui Vakapuna,Ului Lapuaho,0.5833333333333334
Juaquin Iglesias,Juaquin Iglesias,DeJuan Williams,0.5806451612903226
P.K. Sam,P.K. Sam,J.J. Sparkman,0.5714285714285714
Plaxico Burress,Plaxico Burress,Patrick Byrne,0.5714285714285714
T.J. Houshmandzadeh,T.J. Houshmandzadeh,T.J. Hammonds,0.5625
Onomo Ojo,Onomo Ojo,Thomson Omboga,0.5217391304347826
